<?xml version="1.0" encoding="UTF-8"?>
<project-private xmlns="http://www.netbeans.org/ns/project-private/1">
    <editor-bookmarks xmlns="http://www.netbeans.org/ns/editor-bookmarks/2" lastBookmarkId="0"/>
    <open-files xmlns="http://www.netbeans.org/ns/projectui-open-files/2">
        <group>
            <file>file:/C:/Users/Matt/Documents/NetBeansProjects/Lab5_klein/src/lab5_klein/Lab5_solution.java</file>
            <file>file:/C:/Users/Matt/Documents/NetBeansProjects/Lab5_klein/src/lab5_klein/SyntaxChecker.java</file>
            <file>file:/C:/Users/Matt/Documents/NetBeansProjects/Lab5_klein/src/lab5_klein/Token.java</file>
        </group>
    </open-files>
</project-private>
