<?xml version="1.0" encoding="UTF-8"?>
<project-private xmlns="http://www.netbeans.org/ns/project-private/1">
    <editor-bookmarks xmlns="http://www.netbeans.org/ns/editor-bookmarks/2" lastBookmarkId="0"/>
    <open-files xmlns="http://www.netbeans.org/ns/projectui-open-files/2">
        <group>
            <file>file:/C:/Users/Matt/Documents/NetBeansProjects/lab3_start/src/etec2101/SortedArrayList.java</file>
            <file>file:/C:/Users/Matt/Documents/NetBeansProjects/lab3_start/src/klein/Lab3_start.java</file>
            <file>file:/C:/Users/Matt/Documents/NetBeansProjects/lab3_start/src/etec2101/ArrayList.java</file>
        </group>
    </open-files>
</project-private>
