<?xml version="1.0" encoding="UTF-8"?>
<project-private xmlns="http://www.netbeans.org/ns/project-private/1">
    <editor-bookmarks xmlns="http://www.netbeans.org/ns/editor-bookmarks/2" lastBookmarkId="0"/>
    <open-files xmlns="http://www.netbeans.org/ns/projectui-open-files/2">
        <group>
            <file>file:/C:/Users/Matt/Documents/NetBeansProjects/JavaApplication1/src/javaapplication1/Ghost1.java</file>
            <file>file:/C:/Users/Matt/Documents/NetBeansProjects/JavaApplication1/src/javaapplication1/Ground.java</file>
            <file>file:/C:/Users/Matt/Documents/NetBeansProjects/JavaApplication1/src/javaapplication1/Light.java</file>
            <file>file:/C:/Users/Matt/Documents/NetBeansProjects/JavaApplication1/src/javaapplication1/LocalCoordinateSystem.java</file>
            <file>file:/C:/Users/Matt/Documents/NetBeansProjects/JavaApplication1/src/javaapplication1/GameObject.java</file>
            <file>file:/C:/Users/Matt/Documents/NetBeansProjects/JavaApplication1/src/javaapplication1/Ghost2.java</file>
            <file>file:/C:/Users/Matt/Documents/NetBeansProjects/JavaApplication1/src/javaapplication1/Camera.java</file>
            <file>file:/C:/Users/Matt/Documents/NetBeansProjects/JavaApplication1/src/javaapplication1/Simple.java</file>
            <file>file:/C:/Users/Matt/Documents/NetBeansProjects/JavaApplication1/src/javaapplication1/Pumpkin.java</file>
            <file>file:/C:/Users/Matt/Documents/NetBeansProjects/JavaApplication1/src/javaapplication1/Mesh.java</file>
            <file>file:/C:/Users/Matt/Documents/NetBeansProjects/JavaApplication1/src/javaapplication1/Program.java</file>
            <file>file:/C:/Users/Matt/Documents/NetBeansProjects/JavaApplication1/src/javaapplication1/Converter.java</file>
            <file>file:/C:/Users/Matt/Documents/NetBeansProjects/JavaApplication1/src/javaapplication1/Peach.java</file>
            <file>file:/C:/Users/Matt/Documents/NetBeansProjects/JavaApplication1/src/javaapplication1/Tree.java</file>
        </group>
    </open-files>
</project-private>
