<?xml version="1.0" encoding="UTF-8"?>
<project-private xmlns="http://www.netbeans.org/ns/project-private/1">
    <editor-bookmarks xmlns="http://www.netbeans.org/ns/editor-bookmarks/2" lastBookmarkId="0"/>
    <open-files xmlns="http://www.netbeans.org/ns/projectui-open-files/2">
        <group>
            <file>file:/C:/Users/Matt/Documents/NetBeansProjects/Lab2/src/chess/Pawn.java</file>
            <file>file:/C:/Users/Matt/Documents/NetBeansProjects/Lab2/src/chess/Bishop.java</file>
            <file>file:/C:/Users/Matt/Documents/NetBeansProjects/Lab2/src/chess/Queen.java</file>
            <file>file:/C:/Users/Matt/Documents/NetBeansProjects/Lab2/src/chess/Knight.java</file>
            <file>file:/C:/Users/Matt/Documents/NetBeansProjects/Lab2/src/chess/King.java</file>
            <file>file:/C:/Users/Matt/Documents/NetBeansProjects/Lab2/src/chess/Point.java</file>
            <file>file:/C:/Users/Matt/Documents/NetBeansProjects/Lab2/src/chess/Rook.java</file>
            <file>file:/C:/Users/Matt/Documents/NetBeansProjects/Lab2/src/klein/Lab2.java</file>
            <file>file:/C:/Users/Matt/Documents/NetBeansProjects/Lab2/src/chess/Piece.java</file>
        </group>
    </open-files>
</project-private>
